{
  "epochs": [
    0,
    10,
    20,
    30,
    40,
    50,
    60,
    70,
    80,
    90,
    100,
    110,
    120,
    130,
    140,
    150,
    160,
    170,
    180,
    190,
    200,
    210,
    220,
    230,
    240,
    250,
    260,
    270,
    280,
    290,
    300,
    310,
    320,
    330,
    340,
    350,
    360,
    370,
    380,
    390,
    400,
    410,
    420,
    430,
    440,
    450,
    460,
    470,
    480,
    490,
    500,
    510,
    520,
    530,
    540,
    550,
    560,
    570,
    580,
    590,
    600,
    610,
    620,
    630,
    640,
    650,
    660,
    670,
    680,
    690,
    700,
    710,
    720,
    730,
    740,
    750,
    760,
    770,
    780,
    790,
    800,
    810,
    820,
    830,
    840,
    850,
    860,
    870,
    880,
    890,
    900,
    910,
    920,
    930,
    940,
    950,
    960,
    970,
    980,
    990,
    1000,
    1010,
    1020,
    1030,
    1040,
    1050,
    1060,
    1070,
    1080,
    1090,
    1100,
    1110,
    1120,
    1130,
    1140,
    1150,
    1160,
    1170,
    1180,
    1190,
    1200,
    1210,
    1220,
    1230,
    1240,
    1250,
    1260
  ],
  "total_loss": [
    2.9890873432159424,
    0.1038932204246521,
    0.018073512241244316,
    0.003518621902912855,
    0.0005737219471484423,
    0.00021160604956094176,
    0.00012847984908148646,
    0.00011021060345228761,
    9.996841981774196e-05,
    9.670491272117943e-05,
    9.266554116038606e-05,
    8.968677138909698e-05,
    8.900241664377972e-05,
    8.790130959823728e-05,
    8.736221207072958e-05,
    8.668460213812068e-05,
    8.584615716245025e-05,
    8.498963143210858e-05,
    8.454942872049287e-05,
    8.420766971539706e-05,
    8.383584645343944e-05,
    8.351758879143745e-05,
    8.27905023470521e-05,
    8.218935545301065e-05,
    8.170925138983876e-05,
    8.14264130895026e-05,
    8.127291221171618e-05,
    8.114623051369563e-05,
    8.079947292571887e-05,
    8.065444126259536e-05,
    8.056680235313252e-05,
    8.037403313210234e-05,
    7.985728734638542e-05,
    7.94545267126523e-05,
    7.932814332889393e-05,
    7.885080412961543e-05,
    7.866431406000629e-05,
    7.831178663764149e-05,
    7.821856706868857e-05,
    7.77796158217825e-05,
    7.764428301015869e-05,
    7.755729166092351e-05,
    7.745374750811607e-05,
    7.713634113315493e-05,
    7.70950282458216e-05,
    7.68735189922154e-05,
    7.650310726603493e-05,
    7.746237679384649e-05,
    7.564666157122701e-05,
    7.543669198639691e-05,
    7.538538193330169e-05,
    7.507432746933773e-05,
    7.448049291269854e-05,
    7.393163105007261e-05,
    7.333591929636896e-05,
    7.258803088916466e-05,
    7.200723484857008e-05,
    7.145122799556702e-05,
    7.088428537826985e-05,
    7.027725223451853e-05,
    6.974543066462502e-05,
    6.914282130310312e-05,
    6.840829883003607e-05,
    6.813368236180395e-05,
    6.738746742485091e-05,
    6.667768320767209e-05,
    6.562372436746955e-05,
    6.472590030170977e-05,
    6.389935151673853e-05,
    6.27076587988995e-05,
    6.099464008002542e-05,
    5.967396282358095e-05,
    5.8723999245557934e-05,
    5.440300083137117e-05,
    5.160017099115066e-05,
    5.051632979302667e-05,
    4.9144837248604745e-05,
    4.7747293137945235e-05,
    4.629454269888811e-05,
    4.390658432384953e-05,
    4.2493396904319525e-05,
    4.0837454434949905e-05,
    3.992592610302381e-05,
    3.919289883924648e-05,
    3.807339817285538e-05,
    3.7263969716150314e-05,
    3.658099740277976e-05,
    3.605446545407176e-05,
    3.484838816802949e-05,
    3.470401861704886e-05,
    3.39076214004308e-05,
    3.332333653816022e-05,
    3.2967072911560535e-05,
    3.228530113119632e-05,
    3.1735322409076616e-05,
    3.1480227335123345e-05,
    3.106000440311618e-05,
    3.066744466195814e-05,
    3.032089261978399e-05,
    3.0182094633346424e-05,
    2.9527263905038126e-05,
    2.9310436730156653e-05,
    2.9164948500692844e-05,
    2.892524571507238e-05,
    2.8773918529623188e-05,
    2.8602567908819765e-05,
    2.839782064256724e-05,
    2.7941779990214854e-05,
    2.7299180146656e-05,
    2.7039939595852047e-05,
    2.6950267056236044e-05,
    2.6772477212944068e-05,
    2.659470192156732e-05,
    2.6515648642089218e-05,
    2.6418680135975592e-05,
    3.5904151445720345e-05,
    2.611987838463392e-05,
    2.5962715881178156e-05,
    2.575711187091656e-05,
    0.00015469307254534215,
    2.5258379537262954e-05,
    2.513122853997629e-05,
    2.5059664039872587e-05,
    2.496751221769955e-05,
    2.489962389518041e-05,
    2.4703591407160275e-05,
    2.4499657229171135e-05
  ],
  "time": [
    0.47267985343933105,
    6.005417585372925,
    11.569959878921509,
    17.141454219818115,
    22.684853553771973,
    28.308369636535645,
    33.92699122428894,
    39.525763750076294,
    45.150773763656616,
    50.73217296600342,
    56.342875480651855,
    61.934109926223755,
    67.43731474876404,
    72.94301176071167,
    78.42360591888428,
    83.80823683738708,
    89.14356088638306,
    94.41565489768982,
    99.67340993881226,
    104.9655213356018,
    110.245596408844,
    115.65299320220947,
    121.11376810073853,
    126.64350986480713,
    132.1388237476349,
    137.61918354034424,
    142.96145582199097,
    148.20765566825867,
    153.4586946964264,
    158.79594445228577,
    164.08825778961182,
    169.4831416606903,
    174.96060919761658,
    180.4712414741516,
    185.86885714530945,
    191.17157649993896,
    196.4705581665039,
    201.71121311187744,
    207.01321649551392,
    212.30661845207214,
    217.5820767879486,
    222.86443710327148,
    228.14870381355286,
    233.43111157417297,
    238.66280555725098,
    243.93701601028442,
    249.20918583869934,
    254.45362210273743,
    259.82188868522644,
    265.169064283371,
    270.5267994403839,
    275.75726890563965,
    280.9906060695648,
    286.24719047546387,
    291.511296749115,
    296.7711708545685,
    302.03640055656433,
    307.24973130226135,
    312.49345445632935,
    317.7432155609131,
    323.00093698501587,
    328.2608308792114,
    333.6147828102112,
    339.0910062789917,
    344.56348419189453,
    350.01489424705505,
    355.48741602897644,
    360.79677987098694,
    366.05402731895447,
    371.31623792648315,
    376.5933287143707,
    381.85132575035095,
    387.1083559989929,
    392.36663150787354,
    397.64751529693604,
    402.9437713623047,
    408.2136254310608,
    413.6475315093994,
    418.9384548664093,
    424.1888356208801,
    429.4187111854553,
    434.6688063144684,
    439.9106602668762,
    445.1413266658783,
    450.38939785957336,
    455.63875579833984,
    460.91728258132935,
    466.3970534801483,
    471.8761546611786,
    477.27397084236145,
    482.57654786109924,
    488.0098919868469,
    493.2931945323944,
    498.5754859447479,
    503.7983663082123,
    509.03595495224,
    514.2905213832855,
    519.5389420986176,
    524.8283431529999,
    530.0914375782013,
    535.3774976730347,
    540.6657316684723,
    545.9431238174438,
    551.2006075382233,
    556.503424167633,
    561.7997572422028,
    567.071485042572,
    572.3660898208618,
    577.6362705230713,
    582.9144740104675,
    588.2403016090393,
    593.5377669334412,
    598.7932782173157,
    604.0384700298309,
    609.3042662143707,
    614.569412946701,
    619.8948299884796,
    625.1416091918945,
    630.3909182548523,
    635.7001564502716,
    640.9563229084015,
    646.1929931640625,
    651.4743344783783,
    656.7140061855316,
    661.9598350524902,
    667.1875610351562,
    672.4487929344177
  ]
}