{
  "epochs": [
    0,
    10,
    20,
    30,
    40,
    50,
    60,
    70,
    80,
    90,
    100,
    110,
    120,
    130,
    140,
    150,
    160,
    170,
    180,
    190,
    200,
    210,
    220,
    230,
    240,
    250,
    260,
    270,
    280,
    290,
    300,
    310,
    320,
    330,
    340,
    350,
    360,
    370,
    380,
    390,
    400,
    410,
    420,
    430,
    440,
    450,
    460,
    470,
    480,
    490,
    500,
    510,
    520,
    530,
    540,
    550,
    560,
    570,
    580,
    590,
    600,
    610,
    620,
    630,
    640,
    650,
    660,
    670,
    680,
    690,
    700,
    710,
    720,
    730,
    740,
    750,
    760,
    770,
    780,
    790,
    800,
    810,
    820,
    830,
    840,
    850,
    860,
    870,
    880,
    890,
    900,
    910,
    920,
    930,
    940,
    950,
    960,
    970,
    980,
    990,
    1000,
    1010,
    1020,
    1030,
    1040,
    1050,
    1060,
    1070,
    1080,
    1090,
    1100,
    1110,
    1120,
    1130,
    1140,
    1150,
    1160,
    1170,
    1180,
    1190,
    1200,
    1210,
    1220,
    1230,
    1240,
    1250,
    1260,
    1270,
    1280,
    1290,
    1300,
    1310,
    1320,
    1330,
    1340,
    1350,
    1360,
    1370,
    1380,
    1390,
    1400,
    1410,
    1420,
    1430,
    1440,
    1450,
    1460,
    1470,
    1480,
    1490,
    1500,
    1510,
    1520,
    1530,
    1540,
    1550,
    1560,
    1570,
    1580,
    1590,
    1600,
    1610,
    1620,
    1630,
    1640,
    1650,
    1660,
    1670,
    1680,
    1690,
    1700,
    1710,
    1720,
    1730,
    1740,
    1750,
    1760,
    1770,
    1780,
    1790,
    1800,
    1810,
    1820,
    1830,
    1840,
    1850,
    1860,
    1870,
    1880,
    1890,
    1900,
    1910,
    1920,
    1930,
    1940,
    1950,
    1960,
    1970,
    1980,
    1990,
    2000,
    2010,
    2020,
    2030,
    2040,
    2050,
    2060,
    2070,
    2080,
    2090,
    2100,
    2110,
    2120,
    2130,
    2140,
    2150,
    2160,
    2170,
    2180,
    2190,
    2200,
    2210,
    2220,
    2230,
    2240,
    2250,
    2260,
    2270,
    2280,
    2290,
    2300,
    2310,
    2320,
    2330,
    2340,
    2350,
    2360,
    2370,
    2380,
    2390,
    2400,
    2410,
    2420,
    2430,
    2440,
    2450,
    2460,
    2470,
    2480,
    2490,
    2500,
    2510
  ],
  "total_loss": [
    0.5312173217535019,
    0.05176739185117185,
    0.015742355142720044,
    0.0057888717274181545,
    0.0026546971348579973,
    0.00184434957918711,
    0.0014281240000855178,
    0.0012225709506310523,
    0.0010830846294993535,
    0.0010246592428302392,
    0.0009702198876766488,
    0.0009355406727991067,
    0.0009058798168553039,
    0.0008840513328323141,
    0.0008582638038205914,
    0.0008350934149348177,
    0.0008158582131727599,
    0.0007956168556120247,
    0.0007758869105600752,
    0.0007571444948553108,
    0.0007386083598248661,
    0.0007198881430667825,
    0.0007044304511509836,
    0.0006881946537760086,
    0.0006752722038072534,
    0.000665113766444847,
    0.000654274394037202,
    0.0006389601112459786,
    0.0006233538661035709,
    0.0006058790168026462,
    0.0005919846080360003,
    0.0005805245891679078,
    0.000566155300475657,
    0.0005536794997169636,
    0.0005396115884650499,
    0.0005243037958280183,
    0.0005102645518491045,
    0.000500289024785161,
    0.0004876707389485091,
    0.00047436897875741124,
    0.0004651851049857214,
    0.00045233606215333566,
    0.00044000540947308764,
    0.0004281917426851578,
    0.0004162801124039106,
    0.0004004446600447409,
    0.00039374616608256474,
    0.0003825260209850967,
    0.00037302286364138126,
    0.0003630153769336175,
    0.0003535260184435174,
    0.0003448147363087628,
    0.0003348030768393073,
    0.00032431936779175885,
    0.00031605591357219964,
    0.0003065532619075384,
    0.00029903260656283237,
    0.00029057291976641864,
    0.0002839558910636697,
    0.00027501377553562634,
    0.00026700025046011433,
    0.00026105623328476213,
    0.0002533812112233136,
    0.00024778451188467443,
    0.00024024304366321303,
    0.00023404842795571312,
    0.0002267498421133496,
    0.00022227063527680002,
    0.00021471798390848562,
    0.00020932514235028066,
    0.00020329934341134503,
    0.00019736455942620523,
    0.00019060972044826485,
    0.00018601733245304786,
    0.00017977958668780047,
    0.00017364979612466414,
    0.00016735295685066376,
    0.0001632641397009138,
    0.00015626499225618318,
    0.00015159719623625278,
    0.00014651909441454336,
    0.00014192880371410865,
    0.0001361254671792267,
    0.00013309321730048396,
    0.00012759400306094903,
    0.00012305803466006182,
    0.00011824361899925862,
    0.00011456767424533609,
    0.00011139006710436661,
    0.00010812903019541409,
    0.00010527652739256155,
    0.00010238572758680675,
    0.00010029214172391221,
    9.938470429915469e-05,
    9.615949966246262e-05,
    9.310652603744529e-05,
    9.084721204999369e-05,
    8.851653183228336e-05,
    8.587680167693179e-05,
    8.348562550963834e-05,
    8.101526873360854e-05,
    7.926265425339807e-05,
    7.607786301377928e-05,
    7.368084970948985e-05,
    7.12310902599711e-05,
    6.986645439610584e-05,
    6.821967781434068e-05,
    6.714215760439401e-05,
    6.553007278853329e-05,
    6.41563419776503e-05,
    6.229636892385315e-05,
    6.102431689214427e-05,
    6.006770217936719e-05,
    5.828806388308294e-05,
    5.7248291341238655e-05,
    5.572330883296672e-05,
    5.439967480924679e-05,
    5.32934163857135e-05,
    5.208233551456942e-05,
    5.103527610117453e-05,
    5.005978482586215e-05,
    4.8899100420385366e-05,
    4.759573403134709e-05,
    4.670584030463942e-05,
    4.5905380829935893e-05,
    4.48700166089111e-05,
    4.4023257487424416e-05,
    4.314210491429549e-05,
    4.2188850784441456e-05,
    4.138485974181094e-05,
    4.0914443616202334e-05,
    4.0196120153268566e-05,
    3.9378890051011695e-05,
    3.8893770124559524e-05,
    3.8380785099434434e-05,
    3.792640882238629e-05,
    3.735165319085354e-05,
    3.678043231047923e-05,
    3.628741569627891e-05,
    3.561745006663841e-05,
    3.503649213598692e-05,
    3.452267264947295e-05,
    3.388723052921705e-05,
    3.325293391753803e-05,
    3.243659375584684e-05,
    3.1917535125103313e-05,
    3.141781553495093e-05,
    3.089869733230444e-05,
    3.040108367713401e-05,
    2.9925517992523964e-05,
    2.9533486667787656e-05,
    2.8998329071328044e-05,
    2.8512528388091596e-05,
    2.7985307497147005e-05,
    2.7461247100291075e-05,
    2.6890273602475645e-05,
    2.6528919306656462e-05,
    2.60917947798589e-05,
    2.575935832282994e-05,
    2.537793693591084e-05,
    2.5006401529026334e-05,
    2.454454920552962e-05,
    2.427743515909242e-05,
    2.3894053128969972e-05,
    2.3475284024243592e-05,
    2.322499426554714e-05,
    2.2851680114399642e-05,
    2.246443023068423e-05,
    2.2223176983970916e-05,
    2.190015447922633e-05,
    2.169552567465871e-05,
    2.1416348999991897e-05,
    2.1227846218607738e-05,
    2.1004985455874703e-05,
    2.078356465062825e-05,
    2.0625494016712764e-05,
    2.0483687421801733e-05,
    2.0256052039258066e-05,
    2.005789679060399e-05,
    1.995450111280661e-05,
    1.9809908508250373e-05,
    1.957627318915911e-05,
    1.9418135252635693e-05,
    1.9299390942251193e-05,
    1.9107383423033752e-05,
    1.8915106920758262e-05,
    1.8784447775033186e-05,
    1.8598614815346082e-05,
    1.837173704188899e-05,
    1.8253263533551944e-05,
    1.8160887293561245e-05,
    1.8076596234095632e-05,
    1.7911869235831546e-05,
    1.7763426512829028e-05,
    1.7651088910497492e-05,
    1.7419502000848297e-05,
    1.7284680552620557e-05,
    1.7181608200189658e-05,
    1.7072864693545853e-05,
    1.6903954701774637e-05,
    1.674538566476258e-05,
    1.6639523209960316e-05,
    1.6526432773389388e-05,
