{
  "case": "3D_A",
  "final_loss": 1.0226774691091123e-05,
  "iterations": 4398,
  "training_time": 874.3303747177124,
  "chunk_size": 4096,
  "device": "cuda",
  "n_collocation": 16384,
  "n_boundary": 12288
}