{
  "epochs": [
    0,
    10,
    20,
    30,
    40,
    50,
    60,
    70,
    80,
    90,
    100,
    110,
    120,
    130,
    140,
    150,
    160,
    170,
    180,
    190,
    200,
    210,
    220,
    230,
    240,
    250,
    260,
    270,
    280,
    290,
    300,
    310,
    320,
    330,
    340,
    350,
    360,
    370,
    380,
    390,
    400,
    410,
    420,
    430,
    440
  ],
  "total_loss": [
    0.5075516272336245,
    0.04030832601711154,
    0.013547497452236712,
    0.004734607238788158,
    0.0018901507864939049,
    0.0010844316202565096,
    0.0006021375593263656,
    0.0003664768191811163,
    0.00020840015895373654,
    0.00013834587844030466,
    0.00010311731875844998,
    8.62224605953088e-05,
    7.037975137791364e-05,
    6.136733918538084e-05,
    5.485729707288556e-05,
    5.121792491991073e-05,
    4.855878978560213e-05,
    4.75351016575587e-05,
    4.6722734623472206e-05,
    4.573752994474489e-05,
    4.4848514789919136e-05,
    4.438677569851279e-05,
    4.404392893775366e-05,
    4.355559804025688e-05,
    4.3370425828470616e-05,
    4.3014307266275864e-05,
    4.27184081672749e-05,
    4.242660315867397e-05,
    4.2144368308072444e-05,
    4.202018135401886e-05,
    4.219559878038126e-05,
    4.170254351265612e-05,
    4.154794942223816e-05,
    4.1379936646990245e-05,
    4.126768590140273e-05,
    4.112460283067776e-05,
    4.101159174751956e-05,
    4.078298934473423e-05,
    4.0714445276535116e-05,
    4.054913188156206e-05,
    4.049179415233084e-05,
    4.033541972603416e-05,
    4.0230499507742934e-05,
    4.01109296035429e-05,
    3.9932001072884304e-05
  ],
  "time": [
    0.6671483516693115,
    4.786113262176514,
    8.869010210037231,
    12.99315094947815,
    17.133071184158325,
    21.296655654907227,
    25.481531858444214,
    29.676053285598755,
    33.89372682571411,
    38.13241648674011,
    42.36691665649414,
    46.72566533088684,
    50.94745683670044,
    55.38637447357178,
    60.11616110801697,
    64.51073837280273,
    68.92887282371521,
    73.65498471260071,
    78.00192332267761,
    82.36625790596008,
    86.93456172943115,
    91.4572434425354,
    95.95377230644226,
    100.44516277313232,
    104.90190434455872,
    109.44836568832397,
    113.94729828834534,
    118.50696110725403,
    122.98256516456604,
    127.49662566184998,
    131.93113160133362,
    136.3148171901703,
    140.7256519794464,
    145.10643649101257,
    149.54333400726318,
    153.98341488838196,
    158.37647438049316,
    163.30964946746826,
    168.55287051200867,
    173.26557612419128,
    177.91393661499023,
    182.57656407356262,
    187.18733382225037,
    191.79621767997742,
    196.3985197544098
  ]
}