{
  "case": "3D_C",
  "final_loss": 3.967687507611117e-05,
  "iterations": 385,
  "training_time": 71.92720913887024,
  "chunk_size": 4096,
  "device": "cuda",
  "n_collocation": 16384,
  "n_boundary": 12288
}