{
  "epochs": [
    0,
    10,
    20,
    30,
    40,
    50,
    60,
    70,
    80,
    90,
    100,
    110,
    120,
    130,
    140,
    150,
    160,
    170,
    180,
    190,
    200,
    210,
    220,
    230,
    240,
    250,
    260,
    270,
    280,
    290,
    300,
    310,
    320,
    330,
    340,
    350,
    360,
    370,
    380
  ],
  "total_loss": [
    0.5098366476595402,
    0.038519220193848014,
    0.010809535160660744,
    0.0036302690277807415,
    0.0014067410083953291,
    0.0007013579379417934,
    0.00033568085927981883,
    0.00019223806884838268,
    0.00012622877875401173,
    0.0001037571773849777,
    8.613753743702546e-05,
    7.184550759120611e-05,
    6.088338432164164e-05,
    5.497061283676885e-05,
    5.0695412028289866e-05,
    4.7904318762448383e-05,
    4.6595795083703706e-05,
    4.492383959586732e-05,
    4.3880178509425605e-05,
    4.331710670157918e-05,
    4.2644231598387705e-05,
    4.241776014168863e-05,
    4.218334743200103e-05,
    4.1945404973375844e-05,
    4.1648805563454516e-05,
    4.15402491853456e-05,
    4.131051764488802e-05,
    4.1111031805485254e-05,
    4.0991695641423576e-05,
    4.0710849134484306e-05,
    4.05444047828496e-05,
    4.044214028908755e-05,
    4.030847230751533e-05,
    4.0215740682469914e-05,
    4.0142717352864565e-05,
    4.0070992326946e-05,
    4.000274020654615e-05,
    3.988401977039757e-05,
    3.967687507611117e-05
  ],
  "time": [
    0.1448347568511963,
    1.797541856765747,
    3.4860944747924805,
    5.120985984802246,
    6.831371307373047,
    8.61027216911316,
    10.456624507904053,
    12.295812368392944,
    14.24138331413269,
    16.02508306503296,
    17.91935086250305,
    19.66973900794983,
    21.542659759521484,
    23.438453435897827,
    25.331953287124634,
    27.218055963516235,
    29.102931261062622,
    30.99219536781311,
    32.88163709640503,
    34.74410033226013,
    36.65015459060669,
    38.50836181640625,
    40.3986759185791,
    42.30230641365051,
    44.21003699302673,
    46.1095495223999,
    48.01011085510254,
    49.9077205657959,
    51.8002233505249,
    53.686100006103516,
    55.57251572608948,
    57.47133111953735,
    59.3649263381958,
    61.27681493759155,
    63.16710090637207,
    65.06710290908813,
    67.03455948829651,
    69.04674363136292,
    71.0998637676239
  ]
}