{
  "case": "3D_C",
  "final_loss": 5.528542544652737e-06,
  "iterations": 18043,
  "training_time": 3423.837641477585,
  "chunk_size": 4096,
  "device": "cuda",
  "n_collocation": 16384,
  "n_boundary": 12288
}